promotion_id,job_title,stage,stage_role,competition_id,competition_name,difficulty,competition_type,award_level,score,rank,match_via,rationale
Java_promotion1,Java,2,Java开发工程师,comp_004,ACM-ICPC国际大学生程序设计竞赛,进阶,程序设计,国家级,0.45,1,JobTitle直链,JobTitle直链；难度进阶
Java_promotion1,Java,2,Java开发工程师,comp_005,全国大学生数学建模竞赛,进阶,学科竞赛,国家级,0.45,2,JobTitle直链,JobTitle直链；难度进阶
Java_promotion1,Java,3,高级Java开发工程师,comp_004,ACM-ICPC国际大学生程序设计竞赛,进阶,程序设计,国家级,0.53,1,JobTitle直链,JobTitle直链；难度进阶
Java_promotion1,Java,3,高级Java开发工程师,comp_005,全国大学生数学建模竞赛,进阶,学科竞赛,国家级,0.53,2,JobTitle直链,JobTitle直链；难度进阶
Java_promotion1,Java,3,高级Java开发工程师,comp_006,全国大学生电子设计竞赛,进阶,学科竞赛,国家级,0.53,3,JobTitle直链,JobTitle直链；难度进阶
Java_promotion2,Java,2,高级Java开发工程师,comp_004,ACM-ICPC国际大学生程序设计竞赛,进阶,程序设计,国家级,0.6,1,JobTitle直链,JobTitle直链；难度进阶
Java_promotion2,Java,2,高级Java开发工程师,comp_023,中国大学生计算机设计大赛,进阶,程序设计,国家级,0.6,2,JobTitle直链,JobTitle直链；难度进阶
Java_promotion2,Java,3,Java架构师 / 技术专家,comp_004,ACM-ICPC国际大学生程序设计竞赛,进阶,程序设计,国家级,0.68,1,JobTitle直链,JobTitle直链；难度进阶
Java_promotion2,Java,3,Java架构师 / 技术专家,comp_023,中国大学生计算机设计大赛,进阶,程序设计,国家级,0.68,2,JobTitle直链,JobTitle直链；难度进阶
Java_promotion2,Java,3,Java架构师 / 技术专家,comp_027,中国高校计算机大赛-大数据挑战赛,进阶,程序设计,国家级,0.68,3,JobTitle直链,JobTitle直链；难度进阶
Java_promotion3,Java,2,高级Java开发工程师,comp_025,中国大学生服务外包创新创业大赛,进阶,学科竞赛,国家级,0.6,1,JobTitle直链,JobTitle直链；难度进阶
Java_promotion3,Java,2,高级Java开发工程师,comp_004,ACM-ICPC国际大学生程序设计竞赛,进阶,程序设计,国家级,0.45,2,JobTitle直链,JobTitle直链；难度进阶
Java_promotion3,Java,3,Java技术负责人 / 研发主管,comp_025,中国大学生服务外包创新创业大赛,进阶,学科竞赛,国家级,0.68,1,JobTitle直链,JobTitle直链；难度进阶
Java_promotion3,Java,3,Java技术负责人 / 研发主管,comp_004,ACM-ICPC国际大学生程序设计竞赛,进阶,程序设计,国家级,0.53,2,JobTitle直链,JobTitle直链；难度进阶
Java_promotion3,Java,3,Java技术负责人 / 研发主管,comp_005,全国大学生数学建模竞赛,进阶,学科竞赛,国家级,0.53,3,JobTitle直链,JobTitle直链；难度进阶
C_C++_promotion1,C/C++,2,C/C++开发工程师,comp_004,ACM-ICPC国际大学生程序设计竞赛,进阶,程序设计,国家级,0.45,1,JobTitle直链,JobTitle直链；难度进阶
C_C++_promotion1,C/C++,2,C/C++开发工程师,comp_005,全国大学生数学建模竞赛,进阶,学科竞赛,国家级,0.45,2,JobTitle直链,JobTitle直链；难度进阶
C_C++_promotion1,C/C++,3,高级C/C++开发工程师,comp_004,ACM-ICPC国际大学生程序设计竞赛,进阶,程序设计,国家级,0.53,1,JobTitle直链,JobTitle直链；难度进阶
C_C++_promotion1,C/C++,3,高级C/C++开发工程师,comp_005,全国大学生数学建模竞赛,进阶,学科竞赛,国家级,0.53,2,JobTitle直链,JobTitle直链；难度进阶
C_C++_promotion1,C/C++,3,高级C/C++开发工程师,comp_006,全国大学生电子设计竞赛,进阶,学科竞赛,国家级,0.53,3,JobTitle直链,JobTitle直链；难度进阶
C_C++_promotion2,C/C++,2,嵌入式开发工程师,comp_004,ACM-ICPC国际大学生程序设计竞赛,进阶,程序设计,国家级,0.6,1,JobTitle直链,JobTitle直链；难度进阶
C_C++_promotion2,C/C++,2,嵌入式开发工程师,comp_006,全国大学生电子设计竞赛,进阶,学科竞赛,国家级,0.6,2,JobTitle直链,JobTitle直链；难度进阶
C_C++_promotion2,C/C++,3,高级嵌入式工程师 / 嵌入式架构师,comp_004,ACM-ICPC国际大学生程序设计竞赛,进阶,程序设计,国家级,0.68,1,JobTitle直链,JobTitle直链；难度进阶
C_C++_promotion2,C/C++,3,高级嵌入式工程师 / 嵌入式架构师,comp_006,全国大学生电子设计竞赛,进阶,学科竞赛,国家级,0.68,2,JobTitle直链,JobTitle直链；难度进阶
C_C++_promotion2,C/C++,3,高级嵌入式工程师 / 嵌入式架构师,comp_011,全国大学生智能汽车竞赛,进阶,学科竞赛,国家级,0.68,3,JobTitle直链,JobTitle直链；难度进阶
C_C++_promotion3,C/C++,2,系统开发工程师,comp_004,ACM-ICPC国际大学生程序设计竞赛,进阶,程序设计,国家级,0.6,1,JobTitle直链,JobTitle直链；难度进阶
C_C++_promotion3,C/C++,2,系统开发工程师,comp_023,中国大学生计算机设计大赛,进阶,程序设计,国家级,0.6,2,JobTitle直链,JobTitle直链；难度进阶
C_C++_promotion3,C/C++,3,底层架构师 / 驱动开发专家,comp_004,ACM-ICPC国际大学生程序设计竞赛,进阶,程序设计,国家级,0.68,1,JobTitle直链,JobTitle直链；难度进阶
C_C++_promotion3,C/C++,3,底层架构师 / 驱动开发专家,comp_023,中国大学生计算机设计大赛,进阶,程序设计,国家级,0.68,2,JobTitle直链,JobTitle直链；难度进阶
C_C++_promotion3,C/C++,3,底层架构师 / 驱动开发专家,comp_027,中国高校计算机大赛-大数据挑战赛,进阶,程序设计,国家级,0.68,3,JobTitle直链,JobTitle直链；难度进阶
实施工程师_promotion1,实施工程师,2,实施工程师,comp_016,全国职业院校技能大赛,入门,职业技能,国家级,0.2,1,JobTitle直链,JobTitle直链
实施工程师_promotion1,实施工程师,2,实施工程师,comp_019,全国大学生机器人大赛-RoboTac,入门,职业技能,国家级,0.2,2,JobTitle直链,JobTitle直链
实施工程师_promotion1,实施工程师,3,高级实施工程师,comp_016,全国职业院校技能大赛,入门,职业技能,国家级,0.28,1,JobTitle直链,JobTitle直链
实施工程师_promotion1,实施工程师,3,高级实施工程师,comp_019,全国大学生机器人大赛-RoboTac,入门,职业技能,国家级,0.28,2,JobTitle直链,JobTitle直链
实施工程师_promotion1,实施工程师,3,高级实施工程师,comp_028,世界技能大赛,入门,职业技能,国家级,0.28,3,JobTitle直链,JobTitle直链
实施工程师_promotion2,实施工程师,2,高级实施工程师,comp_001,中国国际“互联网+”大学生创新创业大赛,高阶,创新创业,国家级,0.35,1,关联赛道岗位「项目经理/主管」,关联赛道岗位「项目经理/主管」；能力标签含团队
实施工程师_promotion2,实施工程师,2,高级实施工程师,comp_002,“挑战杯”全国大学生课外学术科技作品竞赛,高阶,创新创业,国家级,0.35,2,关联赛道岗位「项目经理/主管」,关联赛道岗位「项目经理/主管」；能力标签含团队
实施工程师_promotion2,实施工程师,3,交付项目经理,comp_001,中国国际“互联网+”大学生创新创业大赛,高阶,创新创业,国家级,0.68,1,关联赛道岗位「项目经理/主管」,关联赛道岗位「项目经理/主管」；难度高阶
实施工程师_promotion2,实施工程师,3,交付项目经理,comp_002,“挑战杯”全国大学生课外学术科技作品竞赛,高阶,创新创业,国家级,0.68,2,关联赛道岗位「项目经理/主管」,关联赛道岗位「项目经理/主管」；难度高阶
实施工程师_promotion2,实施工程师,3,交付项目经理,comp_003,“挑战杯”中国大学生创业计划大赛,高阶,创新创业,国家级,0.68,3,关联赛道岗位「项目经理/主管」,关联赛道岗位「项目经理/主管」；难度高阶
实施工程师_promotion3,实施工程师,2,高级实施工程师,comp_059,“工行杯”全国大学生金融科技创新大赛,进阶,学科竞赛,国家级,0.6,1,关联赛道岗位「销售工程师」,关联赛道岗位「销售工程师」；难度进阶
实施工程师_promotion3,实施工程师,2,高级实施工程师,comp_012,全国大学生电子商务“创新、创意及创业”挑战赛,进阶,学科竞赛,国家级,0.45,2,关联赛道岗位「销售工程师」,关联赛道岗位「销售工程师」；难度进阶
实施工程师_promotion3,实施工程师,3,售前顾问 / 解决方案专家,comp_059,“工行杯”全国大学生金融科技创新大赛,进阶,学科竞赛,国家级,0.68,1,关联赛道岗位「销售工程师」,关联赛道岗位「销售工程师」；难度进阶
实施工程师_promotion3,实施工程师,3,售前顾问 / 解决方案专家,comp_012,全国大学生电子商务“创新、创意及创业”挑战赛,进阶,学科竞赛,国家级,0.53,2,关联赛道岗位「销售工程师」,关联赛道岗位「销售工程师」；难度进阶
实施工程师_promotion3,实施工程师,3,售前顾问 / 解决方案专家,comp_014,全国大学生物流设计大赛,进阶,学科竞赛,国家级,0.53,3,关联赛道岗位「销售工程师」,关联赛道岗位「销售工程师」；难度进阶
技术支持工程师_promotion1,技术支持工程师,2,技术支持工程师,comp_016,全国职业院校技能大赛,入门,职业技能,国家级,0.2,1,JobTitle直链,JobTitle直链
技术支持工程师_promotion1,技术支持工程师,2,技术支持工程师,comp_019,全国大学生机器人大赛-RoboTac,入门,职业技能,国家级,0.2,2,JobTitle直链,JobTitle直链
技术支持工程师_promotion1,技术支持工程师,3,高级技术支持工程师,comp_016,全国职业院校技能大赛,入门,职业技能,国家级,0.28,1,JobTitle直链,JobTitle直链
技术支持工程师_promotion1,技术支持工程师,3,高级技术支持工程师,comp_019,全国大学生机器人大赛-RoboTac,入门,职业技能,国家级,0.28,2,JobTitle直链,JobTitle直链
技术支持工程师_promotion1,技术支持工程师,3,高级技术支持工程师,comp_028,世界技能大赛,入门,职业技能,国家级,0.28,3,JobTitle直链,JobTitle直链
技术支持工程师_promotion2,技术支持工程师,2,运维工程师,comp_016,全国职业院校技能大赛,入门,职业技能,国家级,0.2,1,JobTitle直链,JobTitle直链
技术支持工程师_promotion2,技术支持工程师,2,运维工程师,comp_019,全国大学生机器人大赛-RoboTac,入门,职业技能,国家级,0.2,2,JobTitle直链,JobTitle直链
技术支持工程师_promotion2,技术支持工程师,3,高级运维工程师 / SRE工程师,comp_016,全国职业院校技能大赛,入门,职业技能,国家级,0.28,1,JobTitle直链,JobTitle直链
技术支持工程师_promotion2,技术支持工程师,3,高级运维工程师 / SRE工程师,comp_019,全国大学生机器人大赛-RoboTac,入门,职业技能,国家级,0.28,2,JobTitle直链,JobTitle直链
技术支持工程师_promotion2,技术支持工程师,3,高级运维工程师 / SRE工程师,comp_028,世界技能大赛,入门,职业技能,国家级,0.28,3,JobTitle直链,JobTitle直链
技术支持工程师_promotion3,技术支持工程师,2,高级技术支持,comp_016,全国职业院校技能大赛,入门,职业技能,国家级,0.2,1,JobTitle直链,JobTitle直链
技术支持工程师_promotion3,技术支持工程师,2,高级技术支持,comp_019,全国大学生机器人大赛-RoboTac,入门,职业技能,国家级,0.2,2,JobTitle直链,JobTitle直链
技术支持工程师_promotion3,技术支持工程师,3,技术支持主管 / IT服务经理,comp_016,全国职业院校技能大赛,入门,职业技能,国家级,0.28,1,JobTitle直链,JobTitle直链
技术支持工程师_promotion3,技术支持工程师,3,技术支持主管 / IT服务经理,comp_019,全国大学生机器人大赛-RoboTac,入门,职业技能,国家级,0.28,2,JobTitle直链,JobTitle直链
技术支持工程师_promotion3,技术支持工程师,3,技术支持主管 / IT服务经理,comp_028,世界技能大赛,入门,职业技能,国家级,0.28,3,JobTitle直链,JobTitle直链
测试工程师_promotion1,测试工程师,2,测试工程师,comp_004,ACM-ICPC国际大学生程序设计竞赛,进阶,程序设计,国家级,0.45,1,JobTitle直链,JobTitle直链；难度进阶
测试工程师_promotion1,测试工程师,2,测试工程师,comp_023,中国大学生计算机设计大赛,进阶,程序设计,国家级,0.45,2,JobTitle直链,JobTitle直链；难度进阶
测试工程师_promotion1,测试工程师,3,高级测试工程师,comp_004,ACM-ICPC国际大学生程序设计竞赛,进阶,程序设计,国家级,0.53,1,JobTitle直链,JobTitle直链；难度进阶
测试工程师_promotion1,测试工程师,3,高级测试工程师,comp_023,中国大学生计算机设计大赛,进阶,程序设计,国家级,0.53,2,JobTitle直链,JobTitle直链；难度进阶
测试工程师_promotion1,测试工程师,3,高级测试工程师,comp_027,中国高校计算机大赛-大数据挑战赛,进阶,程序设计,国家级,0.53,3,JobTitle直链,JobTitle直链；难度进阶
测试工程师_promotion2,测试工程师,2,测试开发工程师,comp_004,ACM-ICPC国际大学生程序设计竞赛,进阶,程序设计,国家级,0.6,1,JobTitle直链,JobTitle直链；难度进阶
测试工程师_promotion2,测试工程师,2,测试开发工程师,comp_023,中国大学生计算机设计大赛,进阶,程序设计,国家级,0.6,2,JobTitle直链,JobTitle直链；难度进阶
测试工程师_promotion2,测试工程师,3,高级测试开发工程师 / 测试架构师,comp_004,ACM-ICPC国际大学生程序设计竞赛,进阶,程序设计,国家级,0.68,1,JobTitle直链,JobTitle直链；难度进阶
测试工程师_promotion2,测试工程师,3,高级测试开发工程师 / 测试架构师,comp_023,中国大学生计算机设计大赛,进阶,程序设计,国家级,0.68,2,JobTitle直链,JobTitle直链；难度进阶
测试工程师_promotion2,测试工程师,3,高级测试开发工程师 / 测试架构师,comp_027,中国高校计算机大赛-大数据挑战赛,进阶,程序设计,国家级,0.68,3,JobTitle直链,JobTitle直链；难度进阶
测试工程师_promotion3,测试工程师,2,高级测试工程师,comp_004,ACM-ICPC国际大学生程序设计竞赛,进阶,程序设计,国家级,0.45,1,JobTitle直链,JobTitle直链；难度进阶
测试工程师_promotion3,测试工程师,2,高级测试工程师,comp_023,中国大学生计算机设计大赛,进阶,程序设计,国家级,0.45,2,JobTitle直链,JobTitle直链；难度进阶
测试工程师_promotion3,测试工程师,3,测试主管 / 质量经理,comp_004,ACM-ICPC国际大学生程序设计竞赛,进阶,程序设计,国家级,0.53,1,JobTitle直链,JobTitle直链；难度进阶
测试工程师_promotion3,测试工程师,3,测试主管 / 质量经理,comp_023,中国大学生计算机设计大赛,进阶,程序设计,国家级,0.53,2,JobTitle直链,JobTitle直链；难度进阶
测试工程师_promotion3,测试工程师,3,测试主管 / 质量经理,comp_027,中国高校计算机大赛-大数据挑战赛,进阶,程序设计,国家级,0.53,3,JobTitle直链,JobTitle直链；难度进阶
软件测试_promotion1,软件测试,2,软件测试工程师,comp_004,ACM-ICPC国际大学生程序设计竞赛,进阶,程序设计,国家级,0.45,1,JobTitle直链,JobTitle直链；难度进阶
软件测试_promotion1,软件测试,2,软件测试工程师,comp_023,中国大学生计算机设计大赛,进阶,程序设计,国家级,0.45,2,JobTitle直链,JobTitle直链；难度进阶
软件测试_promotion1,软件测试,3,高级软件测试工程师,comp_004,ACM-ICPC国际大学生程序设计竞赛,进阶,程序设计,国家级,0.53,1,JobTitle直链,JobTitle直链；难度进阶
软件测试_promotion1,软件测试,3,高级软件测试工程师,comp_023,中国大学生计算机设计大赛,进阶,程序设计,国家级,0.53,2,JobTitle直链,JobTitle直链；难度进阶
软件测试_promotion1,软件测试,3,高级软件测试工程师,comp_027,中国高校计算机大赛-大数据挑战赛,进阶,程序设计,国家级,0.53,3,JobTitle直链,JobTitle直链；难度进阶
软件测试_promotion2,软件测试,2,自动化测试工程师,comp_004,ACM-ICPC国际大学生程序设计竞赛,进阶,程序设计,国家级,0.6,1,JobTitle直链,JobTitle直链；难度进阶
软件测试_promotion2,软件测试,2,自动化测试工程师,comp_023,中国大学生计算机设计大赛,进阶,程序设计,国家级,0.6,2,JobTitle直链,JobTitle直链；难度进阶
软件测试_promotion2,软件测试,3,高级自动化测试 / 测试开发Leader,comp_004,ACM-ICPC国际大学生程序设计竞赛,进阶,程序设计,国家级,0.68,1,JobTitle直链,JobTitle直链；难度进阶
软件测试_promotion2,软件测试,3,高级自动化测试 / 测试开发Leader,comp_023,中国大学生计算机设计大赛,进阶,程序设计,国家级,0.68,2,JobTitle直链,JobTitle直链；难度进阶
软件测试_promotion2,软件测试,3,高级自动化测试 / 测试开发Leader,comp_027,中国高校计算机大赛-大数据挑战赛,进阶,程序设计,国家级,0.68,3,JobTitle直链,JobTitle直链；难度进阶
软件测试_promotion3,软件测试,2,高级软件测试,comp_004,ACM-ICPC国际大学生程序设计竞赛,进阶,程序设计,国家级,0.45,1,JobTitle直链,JobTitle直链；难度进阶
软件测试_promotion3,软件测试,2,高级软件测试,comp_023,中国大学生计算机设计大赛,进阶,程序设计,国家级,0.45,2,JobTitle直链,JobTitle直链；难度进阶
软件测试_promotion3,软件测试,3,测试Leader / QA主管,comp_004,ACM-ICPC国际大学生程序设计竞赛,进阶,程序设计,国家级,0.53,1,JobTitle直链,JobTitle直链；难度进阶
软件测试_promotion3,软件测试,3,测试Leader / QA主管,comp_023,中国大学生计算机设计大赛,进阶,程序设计,国家级,0.53,2,JobTitle直链,JobTitle直链；难度进阶
软件测试_promotion3,软件测试,3,测试Leader / QA主管,comp_027,中国高校计算机大赛-大数据挑战赛,进阶,程序设计,国家级,0.53,3,JobTitle直链,JobTitle直链；难度进阶
科研人员_promotion1,科研人员,2,科研人员,comp_005,全国大学生数学建模竞赛,进阶,学科竞赛,国家级,0.45,1,JobTitle直链,JobTitle直链；难度进阶
科研人员_promotion1,科研人员,2,科研人员,comp_006,全国大学生电子设计竞赛,进阶,学科竞赛,国家级,0.45,2,JobTitle直链,JobTitle直链；难度进阶
科研人员_promotion1,科研人员,3,高级科研人员 / 课题骨干,comp_005,全国大学生数学建模竞赛,进阶,学科竞赛,国家级,0.53,1,JobTitle直链,JobTitle直链；难度进阶
科研人员_promotion1,科研人员,3,高级科研人员 / 课题骨干,comp_006,全国大学生电子设计竞赛,进阶,学科竞赛,国家级,0.53,2,JobTitle直链,JobTitle直链；难度进阶
科研人员_promotion1,科研人员,3,高级科研人员 / 课题骨干,comp_007,中国大学生医学技术技能大赛,进阶,学科竞赛,国家级,0.53,3,JobTitle直链,JobTitle直链；难度进阶
科研人员_promotion2,科研人员,2,科研人员,comp_005,全国大学生数学建模竞赛,进阶,学科竞赛,国家级,0.45,1,JobTitle直链,JobTitle直链；难度进阶
科研人员_promotion2,科研人员,2,科研人员,comp_006,全国大学生电子设计竞赛,进阶,学科竞赛,国家级,0.45,2,JobTitle直链,JobTitle直链；难度进阶
科研人员_promotion2,科研人员,3,研发技术主管 / 产品经理,comp_001,中国国际“互联网+”大学生创新创业大赛,高阶,创新创业,国家级,0.53,1,关联赛道岗位「产品专员/助理」,关联赛道岗位「产品专员/助理」；难度高阶
科研人员_promotion2,科研人员,3,研发技术主管 / 产品经理,comp_002,“挑战杯”全国大学生课外学术科技作品竞赛,高阶,创新创业,国家级,0.53,2,关联赛道岗位「产品专员/助理」,关联赛道岗位「产品专员/助理」；难度高阶
科研人员_promotion2,科研人员,3,研发技术主管 / 产品经理,comp_003,“挑战杯”中国大学生创业计划大赛,高阶,创新创业,国家级,0.53,3,关联赛道岗位「产品专员/助理」,关联赛道岗位「产品专员/助理」；难度高阶
科研人员_promotion3,科研人员,2,高级科研人员,comp_025,中国大学生服务外包创新创业大赛,进阶,学科竞赛,国家级,0.6,1,JobTitle直链,JobTitle直链；难度进阶
科研人员_promotion3,科研人员,2,高级科研人员,comp_050,全国高校BIM毕业设计创新大赛,进阶,学科竞赛,国家级,0.6,2,JobTitle直链,JobTitle直链；难度进阶
科研人员_promotion3,科研人员,3,课题负责人 / 实验室主任,comp_025,中国大学生服务外包创新创业大赛,进阶,学科竞赛,国家级,0.68,1,JobTitle直链,JobTitle直链；难度进阶
科研人员_promotion3,科研人员,3,课题负责人 / 实验室主任,comp_050,全国高校BIM毕业设计创新大赛,进阶,学科竞赛,国家级,0.68,2,JobTitle直链,JobTitle直链；难度进阶
科研人员_promotion3,科研人员,3,课题负责人 / 实验室主任,comp_005,全国大学生数学建模竞赛,进阶,学科竞赛,国家级,0.53,3,JobTitle直链,JobTitle直链；难度进阶
前端开发_promotion1,前端开发,2,前端开发工程师,comp_004,ACM-ICPC国际大学生程序设计竞赛,进阶,程序设计,国家级,0.45,1,JobTitle直链,JobTitle直链；难度进阶
前端开发_promotion1,前端开发,2,前端开发工程师,comp_023,中国大学生计算机设计大赛,进阶,程序设计,国家级,0.45,2,JobTitle直链,JobTitle直链；难度进阶
前端开发_promotion1,前端开发,3,高级前端工程师,comp_004,ACM-ICPC国际大学生程序设计竞赛,进阶,程序设计,国家级,0.53,1,JobTitle直链,JobTitle直链；难度进阶
前端开发_promotion1,前端开发,3,高级前端工程师,comp_023,中国大学生计算机设计大赛,进阶,程序设计,国家级,0.53,2,JobTitle直链,JobTitle直链；难度进阶
前端开发_promotion1,前端开发,3,高级前端工程师,comp_027,中国高校计算机大赛-大数据挑战赛,进阶,程序设计,国家级,0.53,3,JobTitle直链,JobTitle直链；难度进阶
前端开发_promotion2,前端开发,2,高级前端工程师,comp_004,ACM-ICPC国际大学生程序设计竞赛,进阶,程序设计,国家级,0.6,1,JobTitle直链,JobTitle直链；难度进阶
前端开发_promotion2,前端开发,2,高级前端工程师,comp_023,中国大学生计算机设计大赛,进阶,程序设计,国家级,0.6,2,JobTitle直链,JobTitle直链；难度进阶
前端开发_promotion2,前端开发,3,前端架构师 / 工程化专家,comp_004,ACM-ICPC国际大学生程序设计竞赛,进阶,程序设计,国家级,0.68,1,JobTitle直链,JobTitle直链；难度进阶
前端开发_promotion2,前端开发,3,前端架构师 / 工程化专家,comp_023,中国大学生计算机设计大赛,进阶,程序设计,国家级,0.68,2,JobTitle直链,JobTitle直链；难度进阶
前端开发_promotion2,前端开发,3,前端架构师 / 工程化专家,comp_027,中国高校计算机大赛-大数据挑战赛,进阶,程序设计,国家级,0.68,3,JobTitle直链,JobTitle直链；难度进阶
前端开发_promotion3,前端开发,2,高级前端工程师,comp_004,ACM-ICPC国际大学生程序设计竞赛,进阶,程序设计,国家级,0.45,1,JobTitle直链,JobTitle直链；难度进阶
前端开发_promotion3,前端开发,2,高级前端工程师,comp_023,中国大学生计算机设计大赛,进阶,程序设计,国家级,0.45,2,JobTitle直链,JobTitle直链；难度进阶
前端开发_promotion3,前端开发,3,前端负责人 / 研发主管,comp_004,ACM-ICPC国际大学生程序设计竞赛,进阶,程序设计,国家级,0.53,1,JobTitle直链,JobTitle直链；难度进阶
前端开发_promotion3,前端开发,3,前端负责人 / 研发主管,comp_023,中国大学生计算机设计大赛,进阶,程序设计,国家级,0.53,2,JobTitle直链,JobTitle直链；难度进阶
前端开发_promotion3,前端开发,3,前端负责人 / 研发主管,comp_027,中国高校计算机大赛-大数据挑战赛,进阶,程序设计,国家级,0.53,3,JobTitle直链,JobTitle直链；难度进阶
硬件测试_promotion1,硬件测试,2,硬件测试工程师,comp_006,全国大学生电子设计竞赛,进阶,学科竞赛,国家级,0.45,1,JobTitle直链,JobTitle直链；难度进阶
硬件测试_promotion1,硬件测试,2,硬件测试工程师,comp_008,全国大学生机械创新设计大赛,进阶,学科竞赛,国家级,0.45,2,JobTitle直链,JobTitle直链；难度进阶
硬件测试_promotion1,硬件测试,3,高级硬件测试工程师,comp_006,全国大学生电子设计竞赛,进阶,学科竞赛,国家级,0.53,1,JobTitle直链,JobTitle直链；难度进阶
硬件测试_promotion1,硬件测试,3,高级硬件测试工程师,comp_008,全国大学生机械创新设计大赛,进阶,学科竞赛,国家级,0.53,2,JobTitle直链,JobTitle直链；难度进阶
硬件测试_promotion1,硬件测试,3,高级硬件测试工程师,comp_009,全国大学生结构设计竞赛,进阶,学科竞赛,国家级,0.53,3,JobTitle直链,JobTitle直链；难度进阶
硬件测试_promotion2,硬件测试,2,可靠性测试工程师,comp_006,全国大学生电子设计竞赛,进阶,学科竞赛,国家级,0.45,1,JobTitle直链,JobTitle直链；难度进阶
硬件测试_promotion2,硬件测试,2,可靠性测试工程师,comp_008,全国大学生机械创新设计大赛,进阶,学科竞赛,国家级,0.45,2,JobTitle直链,JobTitle直链；难度进阶
硬件测试_promotion2,硬件测试,3,高级可靠性工程师 / 测试专家,comp_006,全国大学生电子设计竞赛,进阶,学科竞赛,国家级,0.53,1,JobTitle直链,JobTitle直链；难度进阶
硬件测试_promotion2,硬件测试,3,高级可靠性工程师 / 测试专家,comp_008,全国大学生机械创新设计大赛,进阶,学科竞赛,国家级,0.53,2,JobTitle直链,JobTitle直链；难度进阶
硬件测试_promotion2,硬件测试,3,高级可靠性工程师 / 测试专家,comp_009,全国大学生结构设计竞赛,进阶,学科竞赛,国家级,0.53,3,JobTitle直链,JobTitle直链；难度进阶
硬件测试_promotion3,硬件测试,2,高级硬件测试,comp_025,中国大学生服务外包创新创业大赛,进阶,学科竞赛,国家级,0.6,1,JobTitle直链,JobTitle直链；难度进阶
硬件测试_promotion3,硬件测试,2,高级硬件测试,comp_031,全国大学生信息安全竞赛,进阶,学科竞赛,国家级,0.6,2,JobTitle直链,JobTitle直链；难度进阶
硬件测试_promotion3,硬件测试,3,硬件质量主管 / QA经理,comp_025,中国大学生服务外包创新创业大赛,进阶,学科竞赛,国家级,0.68,1,JobTitle直链,JobTitle直链；难度进阶
硬件测试_promotion3,硬件测试,3,硬件质量主管 / QA经理,comp_031,全国大学生信息安全竞赛,进阶,学科竞赛,国家级,0.68,2,JobTitle直链,JobTitle直链；难度进阶
硬件测试_promotion3,硬件测试,3,硬件质量主管 / QA经理,comp_050,全国高校BIM毕业设计创新大赛,进阶,学科竞赛,国家级,0.68,3,JobTitle直链,JobTitle直链；难度进阶
销售工程师_promotion1,销售工程师,2,销售工程师,comp_059,“工行杯”全国大学生金融科技创新大赛,进阶,学科竞赛,国家级,0.6,1,JobTitle直链,JobTitle直链；难度进阶
销售工程师_promotion1,销售工程师,2,销售工程师,comp_012,全国大学生电子商务“创新、创意及创业”挑战赛,进阶,学科竞赛,国家级,0.45,2,JobTitle直链,JobTitle直链；难度进阶
销售工程师_promotion1,销售工程师,3,高级售前工程师,comp_059,“工行杯”全国大学生金融科技创新大赛,进阶,学科竞赛,国家级,0.68,1,JobTitle直链,JobTitle直链；难度进阶
销售工程师_promotion1,销售工程师,3,高级售前工程师,comp_012,全国大学生电子商务“创新、创意及创业”挑战赛,进阶,学科竞赛,国家级,0.53,2,JobTitle直链,JobTitle直链；难度进阶
销售工程师_promotion1,销售工程师,3,高级售前工程师,comp_014,全国大学生物流设计大赛,进阶,学科竞赛,国家级,0.53,3,JobTitle直链,JobTitle直链；难度进阶
销售工程师_promotion2,销售工程师,2,高级售前工程师,comp_059,“工行杯”全国大学生金融科技创新大赛,进阶,学科竞赛,国家级,0.6,1,JobTitle直链,JobTitle直链；难度进阶
销售工程师_promotion2,销售工程师,2,高级售前工程师,comp_012,全国大学生电子商务“创新、创意及创业”挑战赛,进阶,学科竞赛,国家级,0.45,2,JobTitle直链,JobTitle直链；难度进阶
销售工程师_promotion2,销售工程师,3,解决方案架构师 / 售前总监,comp_059,“工行杯”全国大学生金融科技创新大赛,进阶,学科竞赛,国家级,0.68,1,JobTitle直链,JobTitle直链；难度进阶
销售工程师_promotion2,销售工程师,3,解决方案架构师 / 售前总监,comp_012,全国大学生电子商务“创新、创意及创业”挑战赛,进阶,学科竞赛,国家级,0.53,2,JobTitle直链,JobTitle直链；难度进阶
销售工程师_promotion2,销售工程师,3,解决方案架构师 / 售前总监,comp_014,全国大学生物流设计大赛,进阶,学科竞赛,国家级,0.53,3,JobTitle直链,JobTitle直链；难度进阶
风电工程师_promotion1,风电工程师,2,风电工程师,comp_004,ACM-ICPC国际大学生程序设计竞赛,进阶,程序设计,国家级,0.45,1,关联赛道岗位「C/C++」,关联赛道岗位「C/C++」；难度进阶
风电工程师_promotion1,风电工程师,2,风电工程师,comp_005,全国大学生数学建模竞赛,进阶,学科竞赛,国家级,0.45,2,关联赛道岗位「C/C++」,关联赛道岗位「C/C++」；难度进阶
风电工程师_promotion1,风电工程师,3,高级风电工程师,comp_004,ACM-ICPC国际大学生程序设计竞赛,进阶,程序设计,国家级,0.53,1,关联赛道岗位「C/C++」,关联赛道岗位「C/C++」；难度进阶
风电工程师_promotion1,风电工程师,3,高级风电工程师,comp_005,全国大学生数学建模竞赛,进阶,学科竞赛,国家级,0.53,2,关联赛道岗位「C/C++」,关联赛道岗位「C/C++」；难度进阶
风电工程师_promotion1,风电工程师,3,高级风电工程师,comp_006,全国大学生电子设计竞赛,进阶,学科竞赛,国家级,0.53,3,关联赛道岗位「C/C++」,关联赛道岗位「C/C++」；难度进阶
风电工程师_promotion2,风电工程师,2,高级风电工程师,comp_025,中国大学生服务外包创新创业大赛,进阶,学科竞赛,国家级,0.6,1,关联赛道岗位「C/C++」,关联赛道岗位「C/C++」；难度进阶
风电工程师_promotion2,风电工程师,2,高级风电工程师,comp_050,全国高校BIM毕业设计创新大赛,进阶,学科竞赛,国家级,0.6,2,JobTitle直链,JobTitle直链；难度进阶
风电工程师_promotion2,风电工程师,3,风电项目经理,comp_001,中国国际“互联网+”大学生创新创业大赛,高阶,创新创业,国家级,0.68,1,关联赛道岗位「项目经理/主管」,关联赛道岗位「项目经理/主管」；难度高阶
风电工程师_promotion2,风电工程师,3,风电项目经理,comp_002,“挑战杯”全国大学生课外学术科技作品竞赛,高阶,创新创业,国家级,0.68,2,关联赛道岗位「项目经理/主管」,关联赛道岗位「项目经理/主管」；难度高阶
风电工程师_promotion2,风电工程师,3,风电项目经理,comp_003,“挑战杯”中国大学生创业计划大赛,高阶,创新创业,国家级,0.68,3,关联赛道岗位「项目经理/主管」,关联赛道岗位「项目经理/主管」；难度高阶
产品专员_助理_promotion1,产品专员/助理,2,产品经理,comp_001,中国国际“互联网+”大学生创新创业大赛,高阶,创新创业,国家级,0.2,1,JobTitle直链,JobTitle直链
产品专员_助理_promotion1,产品专员/助理,2,产品经理,comp_002,“挑战杯”全国大学生课外学术科技作品竞赛,高阶,创新创业,国家级,0.2,2,JobTitle直链,JobTitle直链
产品专员_助理_promotion1,产品专员/助理,3,高级产品经理 / 产品总监,comp_001,中国国际“互联网+”大学生创新创业大赛,高阶,创新创业,国家级,0.53,1,JobTitle直链,JobTitle直链；难度高阶
产品专员_助理_promotion1,产品专员/助理,3,高级产品经理 / 产品总监,comp_002,“挑战杯”全国大学生课外学术科技作品竞赛,高阶,创新创业,国家级,0.53,2,JobTitle直链,JobTitle直链；难度高阶
产品专员_助理_promotion1,产品专员/助理,3,高级产品经理 / 产品总监,comp_003,“挑战杯”中国大学生创业计划大赛,高阶,创新创业,国家级,0.53,3,JobTitle直链,JobTitle直链；难度高阶
项目专员_助理_promotion1,项目专员/助理,2,项目专员,comp_012,全国大学生电子商务“创新、创意及创业”挑战赛,进阶,学科竞赛,国家级,0.45,1,JobTitle直链,JobTitle直链；难度进阶
项目专员_助理_promotion1,项目专员/助理,2,项目专员,comp_014,全国大学生物流设计大赛,进阶,学科竞赛,国家级,0.45,2,JobTitle直链,JobTitle直链；难度进阶
项目专员_助理_promotion1,项目专员/助理,3,项目经理/主管,comp_001,中国国际“互联网+”大学生创新创业大赛,高阶,创新创业,国家级,0.68,1,关联赛道岗位「项目经理/主管」,关联赛道岗位「项目经理/主管」；难度高阶
项目专员_助理_promotion1,项目专员/助理,3,项目经理/主管,comp_002,“挑战杯”全国大学生课外学术科技作品竞赛,高阶,创新创业,国家级,0.68,2,关联赛道岗位「项目经理/主管」,关联赛道岗位「项目经理/主管」；难度高阶
项目专员_助理_promotion1,项目专员/助理,3,项目经理/主管,comp_003,“挑战杯”中国大学生创业计划大赛,高阶,创新创业,国家级,0.68,3,关联赛道岗位「项目经理/主管」,关联赛道岗位「项目经理/主管」；难度高阶
项目经理_主管_promotion1,项目经理/主管,2,项目经理/主管,comp_001,中国国际“互联网+”大学生创新创业大赛,高阶,创新创业,国家级,0.2,1,JobTitle直链,JobTitle直链
项目经理_主管_promotion1,项目经理/主管,2,项目经理/主管,comp_002,“挑战杯”全国大学生课外学术科技作品竞赛,高阶,创新创业,国家级,0.2,2,JobTitle直链,JobTitle直链
项目经理_主管_promotion1,项目经理/主管,3,项目总监 / PMO负责人,comp_001,中国国际“互联网+”大学生创新创业大赛,高阶,创新创业,国家级,0.53,1,JobTitle直链,JobTitle直链；难度高阶
项目经理_主管_promotion1,项目经理/主管,3,项目总监 / PMO负责人,comp_002,“挑战杯”全国大学生课外学术科技作品竞赛,高阶,创新创业,国家级,0.53,2,JobTitle直链,JobTitle直链；难度高阶
项目经理_主管_promotion1,项目经理/主管,3,项目总监 / PMO负责人,comp_003,“挑战杯”中国大学生创业计划大赛,高阶,创新创业,国家级,0.53,3,JobTitle直链,JobTitle直链；难度高阶
项目经理_主管_promotion2,项目经理/主管,2,项目经理/主管,comp_001,中国国际“互联网+”大学生创新创业大赛,高阶,创新创业,国家级,0.35,1,JobTitle直链,JobTitle直链；能力标签含团队
项目经理_主管_promotion2,项目经理/主管,2,项目经理/主管,comp_002,“挑战杯”全国大学生课外学术科技作品竞赛,高阶,创新创业,国家级,0.35,2,JobTitle直链,JobTitle直链；能力标签含团队
项目经理_主管_promotion2,项目经理/主管,3,项目总监,comp_001,中国国际“互联网+”大学生创新创业大赛,高阶,创新创业,国家级,0.68,1,JobTitle直链,JobTitle直链；难度高阶
项目经理_主管_promotion2,项目经理/主管,3,项目总监,comp_002,“挑战杯”全国大学生课外学术科技作品竞赛,高阶,创新创业,国家级,0.68,2,JobTitle直链,JobTitle直链；难度高阶
项目经理_主管_promotion2,项目经理/主管,3,项目总监,comp_003,“挑战杯”中国大学生创业计划大赛,高阶,创新创业,国家级,0.68,3,JobTitle直链,JobTitle直链；难度高阶
项目招投标_promotion1,项目招投标,2,招投标专员,comp_012,全国大学生电子商务“创新、创意及创业”挑战赛,进阶,学科竞赛,国家级,0.45,1,关联赛道岗位「BD经理」,关联赛道岗位「BD经理」；难度进阶
项目招投标_promotion1,项目招投标,2,招投标专员,comp_014,全国大学生物流设计大赛,进阶,学科竞赛,国家级,0.45,2,关联赛道岗位「BD经理」,关联赛道岗位「BD经理」；难度进阶
项目招投标_promotion1,项目招投标,3,招投标经理 / 商务总监,comp_001,中国国际“互联网+”大学生创新创业大赛,高阶,创新创业,国家级,0.53,1,关联赛道岗位「项目经理/主管」,关联赛道岗位「项目经理/主管」；难度高阶
项目招投标_promotion1,项目招投标,3,招投标经理 / 商务总监,comp_002,“挑战杯”全国大学生课外学术科技作品竞赛,高阶,创新创业,国家级,0.53,2,关联赛道岗位「项目经理/主管」,关联赛道岗位「项目经理/主管」；难度高阶
项目招投标_promotion1,项目招投标,3,招投标经理 / 商务总监,comp_003,“挑战杯”中国大学生创业计划大赛,高阶,创新创业,国家级,0.53,3,关联赛道岗位「项目经理/主管」,关联赛道岗位「项目经理/主管」；难度高阶
销售助理_promotion1,销售助理,2,销售代表,comp_012,全国大学生电子商务“创新、创意及创业”挑战赛,进阶,学科竞赛,国家级,0.45,1,关联赛道岗位「BD经理」,关联赛道岗位「BD经理」；难度进阶
销售助理_promotion1,销售助理,2,销售代表,comp_014,全国大学生物流设计大赛,进阶,学科竞赛,国家级,0.45,2,关联赛道岗位「BD经理」,关联赛道岗位「BD经理」；难度进阶
销售助理_promotion1,销售助理,3,销售主管 / 销售经理,comp_012,全国大学生电子商务“创新、创意及创业”挑战赛,进阶,学科竞赛,国家级,0.53,1,关联赛道岗位「BD经理」,关联赛道岗位「BD经理」；难度进阶
销售助理_promotion1,销售助理,3,销售主管 / 销售经理,comp_014,全国大学生物流设计大赛,进阶,学科竞赛,国家级,0.53,2,关联赛道岗位「BD经理」,关联赛道岗位「BD经理」；难度进阶
销售助理_promotion1,销售助理,3,销售主管 / 销售经理,comp_024,全国大学生市场调查与分析大赛,进阶,学科竞赛,国家级,0.53,3,关联赛道岗位「BD经理」,关联赛道岗位「BD经理」；难度进阶
销售助理_promotion2,销售助理,2,销售代表,comp_012,全国大学生电子商务“创新、创意及创业”挑战赛,进阶,学科竞赛,国家级,0.45,1,关联赛道岗位「BD经理」,关联赛道岗位「BD经理」；难度进阶
销售助理_promotion2,销售助理,2,销售代表,comp_014,全国大学生物流设计大赛,进阶,学科竞赛,国家级,0.45,2,关联赛道岗位「BD经理」,关联赛道岗位「BD经理」；难度进阶
销售助理_promotion2,销售助理,3,大客户经理,comp_012,全国大学生电子商务“创新、创意及创业”挑战赛,进阶,学科竞赛,国家级,0.53,1,关联赛道岗位「BD经理」,关联赛道岗位「BD经理」；难度进阶
销售助理_promotion2,销售助理,3,大客户经理,comp_014,全国大学生物流设计大赛,进阶,学科竞赛,国家级,0.53,2,关联赛道岗位「BD经理」,关联赛道岗位「BD经理」；难度进阶
销售助理_promotion2,销售助理,3,大客户经理,comp_024,全国大学生市场调查与分析大赛,进阶,学科竞赛,国家级,0.53,3,关联赛道岗位「BD经理」,关联赛道岗位「BD经理」；难度进阶
电话销售_promotion1,电话销售,2,资深电话销售,comp_012,全国大学生电子商务“创新、创意及创业”挑战赛,进阶,学科竞赛,国家级,0.45,1,关联赛道岗位「BD经理」,关联赛道岗位「BD经理」；难度进阶
电话销售_promotion1,电话销售,2,资深电话销售,comp_014,全国大学生物流设计大赛,进阶,学科竞赛,国家级,0.45,2,关联赛道岗位「BD经理」,关联赛道岗位「BD经理」；难度进阶
电话销售_promotion1,电话销售,3,销售主管 / 大客户销售,comp_012,全国大学生电子商务“创新、创意及创业”挑战赛,进阶,学科竞赛,国家级,0.53,1,关联赛道岗位「BD经理」,关联赛道岗位「BD经理」；难度进阶
电话销售_promotion1,电话销售,3,销售主管 / 大客户销售,comp_014,全国大学生物流设计大赛,进阶,学科竞赛,国家级,0.53,2,关联赛道岗位「BD经理」,关联赛道岗位「BD经理」；难度进阶
电话销售_promotion1,电话销售,3,销售主管 / 大客户销售,comp_024,全国大学生市场调查与分析大赛,进阶,学科竞赛,国家级,0.53,3,关联赛道岗位「BD经理」,关联赛道岗位「BD经理」；难度进阶
网络销售_promotion1,网络销售,2,资深网络销售,comp_012,全国大学生电子商务“创新、创意及创业”挑战赛,进阶,学科竞赛,国家级,0.45,1,关联赛道岗位「BD经理」,关联赛道岗位「BD经理」；难度进阶
网络销售_promotion1,网络销售,2,资深网络销售,comp_014,全国大学生物流设计大赛,进阶,学科竞赛,国家级,0.45,2,关联赛道岗位「BD经理」,关联赛道岗位「BD经理」；难度进阶
网络销售_promotion1,网络销售,3,电商销售经理 / 区域销售主管,comp_012,全国大学生电子商务“创新、创意及创业”挑战赛,进阶,学科竞赛,国家级,0.53,1,关联赛道岗位「BD经理」,关联赛道岗位「BD经理」；难度进阶
网络销售_promotion1,网络销售,3,电商销售经理 / 区域销售主管,comp_014,全国大学生物流设计大赛,进阶,学科竞赛,国家级,0.53,2,关联赛道岗位「BD经理」,关联赛道岗位「BD经理」；难度进阶
网络销售_promotion1,网络销售,3,电商销售经理 / 区域销售主管,comp_024,全国大学生市场调查与分析大赛,进阶,学科竞赛,国家级,0.53,3,关联赛道岗位「BD经理」,关联赛道岗位「BD经理」；难度进阶
广告销售_promotion1,广告销售,2,资深广告销售,comp_012,全国大学生电子商务“创新、创意及创业”挑战赛,进阶,学科竞赛,国家级,0.45,1,关联赛道岗位「BD经理」,关联赛道岗位「BD经理」；难度进阶
广告销售_promotion1,广告销售,2,资深广告销售,comp_014,全国大学生物流设计大赛,进阶,学科竞赛,国家级,0.45,2,关联赛道岗位「BD经理」,关联赛道岗位「BD经理」；难度进阶
广告销售_promotion1,广告销售,3,广告销售经理 / 媒介总监,comp_012,全国大学生电子商务“创新、创意及创业”挑战赛,进阶,学科竞赛,国家级,0.53,1,关联赛道岗位「BD经理」,关联赛道岗位「BD经理」；难度进阶
广告销售_promotion1,广告销售,3,广告销售经理 / 媒介总监,comp_014,全国大学生物流设计大赛,进阶,学科竞赛,国家级,0.53,2,关联赛道岗位「BD经理」,关联赛道岗位「BD经理」；难度进阶
广告销售_promotion1,广告销售,3,广告销售经理 / 媒介总监,comp_024,全国大学生市场调查与分析大赛,进阶,学科竞赛,国家级,0.53,3,关联赛道岗位「BD经理」,关联赛道岗位「BD经理」；难度进阶
大客户代表_promotion1,大客户代表,2,大客户代表,comp_012,全国大学生电子商务“创新、创意及创业”挑战赛,进阶,学科竞赛,国家级,0.45,1,关联赛道岗位「BD经理」,关联赛道岗位「BD经理」；难度进阶
大客户代表_promotion1,大客户代表,2,大客户代表,comp_014,全国大学生物流设计大赛,进阶,学科竞赛,国家级,0.45,2,关联赛道岗位「BD经理」,关联赛道岗位「BD经理」；难度进阶
大客户代表_promotion1,大客户代表,3,大客户经理 / 区域销售总监,comp_012,全国大学生电子商务“创新、创意及创业”挑战赛,进阶,学科竞赛,国家级,0.53,1,关联赛道岗位「BD经理」,关联赛道岗位「BD经理」；难度进阶
大客户代表_promotion1,大客户代表,3,大客户经理 / 区域销售总监,comp_014,全国大学生物流设计大赛,进阶,学科竞赛,国家级,0.53,2,关联赛道岗位「BD经理」,关联赛道岗位「BD经理」；难度进阶
大客户代表_promotion1,大客户代表,3,大客户经理 / 区域销售总监,comp_024,全国大学生市场调查与分析大赛,进阶,学科竞赛,国家级,0.53,3,关联赛道岗位「BD经理」,关联赛道岗位「BD经理」；难度进阶
商务专员_promotion1,商务专员,2,商务专员,comp_012,全国大学生电子商务“创新、创意及创业”挑战赛,进阶,学科竞赛,国家级,0.45,1,JobTitle直链,JobTitle直链；难度进阶
商务专员_promotion1,商务专员,2,商务专员,comp_014,全国大学生物流设计大赛,进阶,学科竞赛,国家级,0.45,2,JobTitle直链,JobTitle直链；难度进阶
商务专员_promotion1,商务专员,3,商务经理 / 商务总监,comp_012,全国大学生电子商务“创新、创意及创业”挑战赛,进阶,学科竞赛,国家级,0.53,1,JobTitle直链,JobTitle直链；难度进阶
商务专员_promotion1,商务专员,3,商务经理 / 商务总监,comp_014,全国大学生物流设计大赛,进阶,学科竞赛,国家级,0.53,2,JobTitle直链,JobTitle直链；难度进阶
商务专员_promotion1,商务专员,3,商务经理 / 商务总监,comp_024,全国大学生市场调查与分析大赛,进阶,学科竞赛,国家级,0.53,3,JobTitle直链,JobTitle直链；难度进阶
BD经理_promotion1,BD经理,2,BD经理,comp_012,全国大学生电子商务“创新、创意及创业”挑战赛,进阶,学科竞赛,国家级,0.45,1,JobTitle直链,JobTitle直链；难度进阶
BD经理_promotion1,BD经理,2,BD经理,comp_014,全国大学生物流设计大赛,进阶,学科竞赛,国家级,0.45,2,JobTitle直链,JobTitle直链；难度进阶
BD经理_promotion1,BD经理,3,商务总监 / 渠道总监,comp_012,全国大学生电子商务“创新、创意及创业”挑战赛,进阶,学科竞赛,国家级,0.53,1,JobTitle直链,JobTitle直链；难度进阶
BD经理_promotion1,BD经理,3,商务总监 / 渠道总监,comp_014,全国大学生物流设计大赛,进阶,学科竞赛,国家级,0.53,2,JobTitle直链,JobTitle直链；难度进阶
BD经理_promotion1,BD经理,3,商务总监 / 渠道总监,comp_024,全国大学生市场调查与分析大赛,进阶,学科竞赛,国家级,0.53,3,JobTitle直链,JobTitle直链；难度进阶
运营助理_专员_promotion1,运营助理/专员,2,运营专员,comp_001,中国国际“互联网+”大学生创新创业大赛,高阶,创新创业,国家级,0.2,1,关联赛道岗位「产品专员/助理」,关联赛道岗位「产品专员/助理」
运营助理_专员_promotion1,运营助理/专员,2,运营专员,comp_002,“挑战杯”全国大学生课外学术科技作品竞赛,高阶,创新创业,国家级,0.2,2,关联赛道岗位「产品专员/助理」,关联赛道岗位「产品专员/助理」
运营助理_专员_promotion1,运营助理/专员,3,运营主管 / 运营经理,comp_001,中国国际“互联网+”大学生创新创业大赛,高阶,创新创业,国家级,0.53,1,关联赛道岗位「产品专员/助理」,关联赛道岗位「产品专员/助理」；难度高阶
运营助理_专员_promotion1,运营助理/专员,3,运营主管 / 运营经理,comp_002,“挑战杯”全国大学生课外学术科技作品竞赛,高阶,创新创业,国家级,0.53,2,关联赛道岗位「产品专员/助理」,关联赛道岗位「产品专员/助理」；难度高阶
运营助理_专员_promotion1,运营助理/专员,3,运营主管 / 运营经理,comp_003,“挑战杯”中国大学生创业计划大赛,高阶,创新创业,国家级,0.53,3,关联赛道岗位「产品专员/助理」,关联赛道岗位「产品专员/助理」；难度高阶
运营助理_专员_promotion2,运营助理/专员,2,用户运营专员,comp_001,中国国际“互联网+”大学生创新创业大赛,高阶,创新创业,国家级,0.2,1,关联赛道岗位「产品专员/助理」,关联赛道岗位「产品专员/助理」
运营助理_专员_promotion2,运营助理/专员,2,用户运营专员,comp_002,“挑战杯”全国大学生课外学术科技作品竞赛,高阶,创新创业,国家级,0.2,2,关联赛道岗位「产品专员/助理」,关联赛道岗位「产品专员/助理」
运营助理_专员_promotion2,运营助理/专员,3,用户运营经理 / 增长负责人,comp_001,中国国际“互联网+”大学生创新创业大赛,高阶,创新创业,国家级,0.53,1,关联赛道岗位「产品专员/助理」,关联赛道岗位「产品专员/助理」；难度高阶
运营助理_专员_promotion2,运营助理/专员,3,用户运营经理 / 增长负责人,comp_002,“挑战杯”全国大学生课外学术科技作品竞赛,高阶,创新创业,国家级,0.53,2,关联赛道岗位「产品专员/助理」,关联赛道岗位「产品专员/助理」；难度高阶
运营助理_专员_promotion2,运营助理/专员,3,用户运营经理 / 增长负责人,comp_003,“挑战杯”中国大学生创业计划大赛,高阶,创新创业,国家级,0.53,3,关联赛道岗位「产品专员/助理」,关联赛道岗位「产品专员/助理」；难度高阶
游戏运营_promotion1,游戏运营,2,游戏运营,comp_001,中国国际“互联网+”大学生创新创业大赛,高阶,创新创业,国家级,0.2,1,关联赛道岗位「产品专员/助理」,关联赛道岗位「产品专员/助理」
游戏运营_promotion1,游戏运营,2,游戏运营,comp_002,“挑战杯”全国大学生课外学术科技作品竞赛,高阶,创新创业,国家级,0.2,2,关联赛道岗位「产品专员/助理」,关联赛道岗位「产品专员/助理」
游戏运营_promotion1,游戏运营,3,游戏运营主管 / 游戏制作人助理,comp_001,中国国际“互联网+”大学生创新创业大赛,高阶,创新创业,国家级,0.53,1,关联赛道岗位「产品专员/助理」,关联赛道岗位「产品专员/助理」；难度高阶
游戏运营_promotion1,游戏运营,3,游戏运营主管 / 游戏制作人助理,comp_002,“挑战杯”全国大学生课外学术科技作品竞赛,高阶,创新创业,国家级,0.53,2,关联赛道岗位「产品专员/助理」,关联赛道岗位「产品专员/助理」；难度高阶
游戏运营_promotion1,游戏运营,3,游戏运营主管 / 游戏制作人助理,comp_003,“挑战杯”中国大学生创业计划大赛,高阶,创新创业,国家级,0.53,3,关联赛道岗位「产品专员/助理」,关联赛道岗位「产品专员/助理」；难度高阶
社区运营_promotion1,社区运营,2,社区运营,comp_001,中国国际“互联网+”大学生创新创业大赛,高阶,创新创业,国家级,0.2,1,关联赛道岗位「产品专员/助理」,关联赛道岗位「产品专员/助理」
社区运营_promotion1,社区运营,2,社区运营,comp_002,“挑战杯”全国大学生课外学术科技作品竞赛,高阶,创新创业,国家级,0.2,2,关联赛道岗位「产品专员/助理」,关联赛道岗位「产品专员/助理」
社区运营_promotion1,社区运营,3,社区负责人 / 用户运营经理,comp_001,中国国际“互联网+”大学生创新创业大赛,高阶,创新创业,国家级,0.53,1,关联赛道岗位「产品专员/助理」,关联赛道岗位「产品专员/助理」；难度高阶
社区运营_promotion1,社区运营,3,社区负责人 / 用户运营经理,comp_002,“挑战杯”全国大学生课外学术科技作品竞赛,高阶,创新创业,国家级,0.53,2,关联赛道岗位「产品专员/助理」,关联赛道岗位「产品专员/助理」；难度高阶
社区运营_promotion1,社区运营,3,社区负责人 / 用户运营经理,comp_003,“挑战杯”中国大学生创业计划大赛,高阶,创新创业,国家级,0.53,3,关联赛道岗位「产品专员/助理」,关联赛道岗位「产品专员/助理」；难度高阶
销售运营_promotion1,销售运营,2,销售运营,comp_012,全国大学生电子商务“创新、创意及创业”挑战赛,进阶,学科竞赛,国家级,0.45,1,关联赛道岗位「BD经理」,关联赛道岗位「BD经理」；难度进阶
销售运营_promotion1,销售运营,2,销售运营,comp_014,全国大学生物流设计大赛,进阶,学科竞赛,国家级,0.45,2,关联赛道岗位「BD经理」,关联赛道岗位「BD经理」；难度进阶
销售运营_promotion1,销售运营,3,销售运营经理 / 营收运营负责人,comp_012,全国大学生电子商务“创新、创意及创业”挑战赛,进阶,学科竞赛,国家级,0.53,1,关联赛道岗位「BD经理」,关联赛道岗位「BD经理」；难度进阶
销售运营_promotion1,销售运营,3,销售运营经理 / 营收运营负责人,comp_014,全国大学生物流设计大赛,进阶,学科竞赛,国家级,0.53,2,关联赛道岗位「BD经理」,关联赛道岗位「BD经理」；难度进阶
销售运营_promotion1,销售运营,3,销售运营经理 / 营收运营负责人,comp_024,全国大学生市场调查与分析大赛,进阶,学科竞赛,国家级,0.53,3,关联赛道岗位「BD经理」,关联赛道岗位「BD经理」；难度进阶
APP推广_promotion1,APP推广,2,APP推广,comp_001,中国国际“互联网+”大学生创新创业大赛,高阶,创新创业,国家级,0.2,1,关联赛道岗位「产品专员/助理」,关联赛道岗位「产品专员/助理」
APP推广_promotion1,APP推广,2,APP推广,comp_002,“挑战杯”全国大学生课外学术科技作品竞赛,高阶,创新创业,国家级,0.2,2,关联赛道岗位「产品专员/助理」,关联赛道岗位「产品专员/助理」
APP推广_promotion1,APP推广,3,增长负责人 / 市场经理,comp_001,中国国际“互联网+”大学生创新创业大赛,高阶,创新创业,国家级,0.53,1,关联赛道岗位「产品专员/助理」,关联赛道岗位「产品专员/助理」；难度高阶
APP推广_promotion1,APP推广,3,增长负责人 / 市场经理,comp_002,“挑战杯”全国大学生课外学术科技作品竞赛,高阶,创新创业,国家级,0.53,2,关联赛道岗位「产品专员/助理」,关联赛道岗位「产品专员/助理」；难度高阶
APP推广_promotion1,APP推广,3,增长负责人 / 市场经理,comp_003,“挑战杯”中国大学生创业计划大赛,高阶,创新创业,国家级,0.53,3,关联赛道岗位「产品专员/助理」,关联赛道岗位「产品专员/助理」；难度高阶
游戏推广_promotion1,游戏推广,2,游戏推广,comp_001,中国国际“互联网+”大学生创新创业大赛,高阶,创新创业,国家级,0.2,1,关联赛道岗位「产品专员/助理」,关联赛道岗位「产品专员/助理」
游戏推广_promotion1,游戏推广,2,游戏推广,comp_002,“挑战杯”全国大学生课外学术科技作品竞赛,高阶,创新创业,国家级,0.2,2,关联赛道岗位「产品专员/助理」,关联赛道岗位「产品专员/助理」
游戏推广_promotion1,游戏推广,3,发行市场经理 / 推广负责人,comp_001,中国国际“互联网+”大学生创新创业大赛,高阶,创新创业,国家级,0.53,1,关联赛道岗位「产品专员/助理」,关联赛道岗位「产品专员/助理」；难度高阶
游戏推广_promotion1,游戏推广,3,发行市场经理 / 推广负责人,comp_002,“挑战杯”全国大学生课外学术科技作品竞赛,高阶,创新创业,国家级,0.53,2,关联赛道岗位「产品专员/助理」,关联赛道岗位「产品专员/助理」；难度高阶
游戏推广_promotion1,游戏推广,3,发行市场经理 / 推广负责人,comp_003,“挑战杯”中国大学生创业计划大赛,高阶,创新创业,国家级,0.53,3,关联赛道岗位「产品专员/助理」,关联赛道岗位「产品专员/助理」；难度高阶
内容审核_promotion1,内容审核,2,内容审核,comp_010,全国大学生广告艺术大赛,入门,学科竞赛,国家级,0.2,1,JobTitle直链,JobTitle直链
内容审核_promotion1,内容审核,2,内容审核,comp_015,“外研社杯”全国大学生英语大赛-英语演讲赛,入门,学科竞赛,国家级,0.2,2,JobTitle直链,JobTitle直链
内容审核_promotion1,内容审核,3,审核组长 / 内容安全主管,comp_010,全国大学生广告艺术大赛,入门,学科竞赛,国家级,0.28,1,JobTitle直链,JobTitle直链
内容审核_promotion1,内容审核,3,审核组长 / 内容安全主管,comp_015,“外研社杯”全国大学生英语大赛-英语演讲赛,入门,学科竞赛,国家级,0.28,2,JobTitle直链,JobTitle直链
内容审核_promotion1,内容审核,3,审核组长 / 内容安全主管,comp_026,两岸新锐设计竞赛·华灿奖,入门,学科竞赛,国家级,0.28,3,JobTitle直链,JobTitle直链
招聘专员_助理_promotion1,招聘专员/助理,2,招聘专员,comp_001,中国国际“互联网+”大学生创新创业大赛,高阶,创新创业,国家级,0.2,1,关联赛道岗位「管培生/储备干部」,关联赛道岗位「管培生/储备干部」
招聘专员_助理_promotion1,招聘专员/助理,2,招聘专员,comp_002,“挑战杯”全国大学生课外学术科技作品竞赛,高阶,创新创业,国家级,0.2,2,关联赛道岗位「管培生/储备干部」,关联赛道岗位「管培生/储备干部」
招聘专员_助理_promotion1,招聘专员/助理,3,招聘经理 / HRBP,comp_001,中国国际“互联网+”大学生创新创业大赛,高阶,创新创业,国家级,0.53,1,关联赛道岗位「管培生/储备干部」,关联赛道岗位「管培生/储备干部」；难度高阶
招聘专员_助理_promotion1,招聘专员/助理,3,招聘经理 / HRBP,comp_002,“挑战杯”全国大学生课外学术科技作品竞赛,高阶,创新创业,国家级,0.53,2,关联赛道岗位「管培生/储备干部」,关联赛道岗位「管培生/储备干部」；难度高阶
招聘专员_助理_promotion1,招聘专员/助理,3,招聘经理 / HRBP,comp_003,“挑战杯”中国大学生创业计划大赛,高阶,创新创业,国家级,0.53,3,关联赛道岗位「管培生/储备干部」,关联赛道岗位「管培生/储备干部」；难度高阶
猎头顾问_promotion1,猎头顾问,2,猎头顾问,comp_012,全国大学生电子商务“创新、创意及创业”挑战赛,进阶,学科竞赛,国家级,0.45,1,关联赛道岗位「咨询顾问」,关联赛道岗位「咨询顾问」；难度进阶
猎头顾问_promotion1,猎头顾问,2,猎头顾问,comp_014,全国大学生物流设计大赛,进阶,学科竞赛,国家级,0.45,2,关联赛道岗位「咨询顾问」,关联赛道岗位「咨询顾问」；难度进阶
猎头顾问_promotion1,猎头顾问,3,猎头总监 / 合伙人,comp_001,中国国际“互联网+”大学生创新创业大赛,高阶,创新创业,国家级,0.53,1,关联赛道岗位「管培生/储备干部」,关联赛道岗位「管培生/储备干部」；难度高阶
猎头顾问_promotion1,猎头顾问,3,猎头总监 / 合伙人,comp_002,“挑战杯”全国大学生课外学术科技作品竞赛,高阶,创新创业,国家级,0.53,2,关联赛道岗位「管培生/储备干部」,关联赛道岗位「管培生/储备干部」；难度高阶
猎头顾问_promotion1,猎头顾问,3,猎头总监 / 合伙人,comp_003,“挑战杯”中国大学生创业计划大赛,高阶,创新创业,国家级,0.53,3,关联赛道岗位「管培生/储备干部」,关联赛道岗位「管培生/储备干部」；难度高阶
培训师_promotion1,培训师,2,培训师,comp_001,中国国际“互联网+”大学生创新创业大赛,高阶,创新创业,国家级,0.2,1,关联赛道岗位「管培生/储备干部」,关联赛道岗位「管培生/储备干部」
培训师_promotion1,培训师,2,培训师,comp_002,“挑战杯”全国大学生课外学术科技作品竞赛,高阶,创新创业,国家级,0.2,2,关联赛道岗位「管培生/储备干部」,关联赛道岗位「管培生/储备干部」
培训师_promotion1,培训师,3,培训经理 / 学习发展负责人,comp_001,中国国际“互联网+”大学生创新创业大赛,高阶,创新创业,国家级,0.53,1,关联赛道岗位「管培生/储备干部」,关联赛道岗位「管培生/储备干部」；难度高阶
培训师_promotion1,培训师,3,培训经理 / 学习发展负责人,comp_002,“挑战杯”全国大学生课外学术科技作品竞赛,高阶,创新创业,国家级,0.53,2,关联赛道岗位「管培生/储备干部」,关联赛道岗位「管培生/储备干部」；难度高阶
培训师_promotion1,培训师,3,培训经理 / 学习发展负责人,comp_003,“挑战杯”中国大学生创业计划大赛,高阶,创新创业,国家级,0.53,3,关联赛道岗位「管培生/储备干部」,关联赛道岗位「管培生/储备干部」；难度高阶
管培生_储备干部_promotion1,管培生/储备干部,2,储备干部,comp_001,中国国际“互联网+”大学生创新创业大赛,高阶,创新创业,国家级,0.35,1,JobTitle直链,JobTitle直链；能力标签含团队
管培生_储备干部_promotion1,管培生/储备干部,2,储备干部,comp_002,“挑战杯”全国大学生课外学术科技作品竞赛,高阶,创新创业,国家级,0.35,2,JobTitle直链,JobTitle直链；能力标签含团队
管培生_储备干部_promotion1,管培生/储备干部,3,储备经理人 / 部门经理,comp_001,中国国际“互联网+”大学生创新创业大赛,高阶,创新创业,国家级,0.68,1,JobTitle直链,JobTitle直链；难度高阶
管培生_储备干部_promotion1,管培生/储备干部,3,储备经理人 / 部门经理,comp_002,“挑战杯”全国大学生课外学术科技作品竞赛,高阶,创新创业,国家级,0.68,2,JobTitle直链,JobTitle直链；难度高阶
管培生_储备干部_promotion1,管培生/储备干部,3,储备经理人 / 部门经理,comp_003,“挑战杯”中国大学生创业计划大赛,高阶,创新创业,国家级,0.68,3,JobTitle直链,JobTitle直链；难度高阶
储备干部_promotion1,储备干部,2,储备干部,comp_001,中国国际“互联网+”大学生创新创业大赛,高阶,创新创业,国家级,0.2,1,关联赛道岗位「管培生/储备干部」,关联赛道岗位「管培生/储备干部」
储备干部_promotion1,储备干部,2,储备干部,comp_002,“挑战杯”全国大学生课外学术科技作品竞赛,高阶,创新创业,国家级,0.2,2,关联赛道岗位「管培生/储备干部」,关联赛道岗位「管培生/储备干部」
储备干部_promotion1,储备干部,3,储备经理人 / 业务主管,comp_001,中国国际“互联网+”大学生创新创业大赛,高阶,创新创业,国家级,0.53,1,关联赛道岗位「管培生/储备干部」,关联赛道岗位「管培生/储备干部」；难度高阶
储备干部_promotion1,储备干部,3,储备经理人 / 业务主管,comp_002,“挑战杯”全国大学生课外学术科技作品竞赛,高阶,创新创业,国家级,0.53,2,关联赛道岗位「管培生/储备干部」,关联赛道岗位「管培生/储备干部」；难度高阶
储备干部_promotion1,储备干部,3,储备经理人 / 业务主管,comp_003,“挑战杯”中国大学生创业计划大赛,高阶,创新创业,国家级,0.53,3,关联赛道岗位「管培生/储备干部」,关联赛道岗位「管培生/储备干部」；难度高阶
售后客服_promotion1,售后客服,2,售后客服,comp_010,全国大学生广告艺术大赛,入门,学科竞赛,国家级,0.2,1,关联赛道岗位「内容审核」,关联赛道岗位「内容审核」
售后客服_promotion1,售后客服,2,售后客服,comp_015,“外研社杯”全国大学生英语大赛-英语演讲赛,入门,学科竞赛,国家级,0.2,2,关联赛道岗位「内容审核」,关联赛道岗位「内容审核」
售后客服_promotion1,售后客服,3,客服主管 / 客户成功经理,comp_010,全国大学生广告艺术大赛,入门,学科竞赛,国家级,0.28,1,关联赛道岗位「内容审核」,关联赛道岗位「内容审核」
售后客服_promotion1,售后客服,3,客服主管 / 客户成功经理,comp_015,“外研社杯”全国大学生英语大赛-英语演讲赛,入门,学科竞赛,国家级,0.28,2,关联赛道岗位「内容审核」,关联赛道岗位「内容审核」
售后客服_promotion1,售后客服,3,客服主管 / 客户成功经理,comp_026,两岸新锐设计竞赛·华灿奖,入门,学科竞赛,国家级,0.28,3,关联赛道岗位「内容审核」,关联赛道岗位「内容审核」
网络客服_promotion1,网络客服,2,网络客服,comp_010,全国大学生广告艺术大赛,入门,学科竞赛,国家级,0.2,1,关联赛道岗位「内容审核」,关联赛道岗位「内容审核」
网络客服_promotion1,网络客服,2,网络客服,comp_015,“外研社杯”全国大学生英语大赛-英语演讲赛,入门,学科竞赛,国家级,0.2,2,关联赛道岗位「内容审核」,关联赛道岗位「内容审核」
网络客服_promotion1,网络客服,3,在线客服主管 / 客户体验经理,comp_010,全国大学生广告艺术大赛,入门,学科竞赛,国家级,0.28,1,关联赛道岗位「内容审核」,关联赛道岗位「内容审核」
网络客服_promotion1,网络客服,3,在线客服主管 / 客户体验经理,comp_015,“外研社杯”全国大学生英语大赛-英语演讲赛,入门,学科竞赛,国家级,0.28,2,关联赛道岗位「内容审核」,关联赛道岗位「内容审核」
网络客服_promotion1,网络客服,3,在线客服主管 / 客户体验经理,comp_026,两岸新锐设计竞赛·华灿奖,入门,学科竞赛,国家级,0.28,3,关联赛道岗位「内容审核」,关联赛道岗位「内容审核」
电话客服_promotion1,电话客服,2,电话客服,comp_010,全国大学生广告艺术大赛,入门,学科竞赛,国家级,0.2,1,关联赛道岗位「内容审核」,关联赛道岗位「内容审核」
电话客服_promotion1,电话客服,2,电话客服,comp_015,“外研社杯”全国大学生英语大赛-英语演讲赛,入门,学科竞赛,国家级,0.2,2,关联赛道岗位「内容审核」,关联赛道岗位「内容审核」
电话客服_promotion1,电话客服,3,呼叫中心主管 / 客服运营经理,comp_010,全国大学生广告艺术大赛,入门,学科竞赛,国家级,0.28,1,关联赛道岗位「内容审核」,关联赛道岗位「内容审核」
电话客服_promotion1,电话客服,3,呼叫中心主管 / 客服运营经理,comp_015,“外研社杯”全国大学生英语大赛-英语演讲赛,入门,学科竞赛,国家级,0.28,2,关联赛道岗位「内容审核」,关联赛道岗位「内容审核」
电话客服_promotion1,电话客服,3,呼叫中心主管 / 客服运营经理,comp_026,两岸新锐设计竞赛·华灿奖,入门,学科竞赛,国家级,0.28,3,关联赛道岗位「内容审核」,关联赛道岗位「内容审核」
统计员_promotion1,统计员,2,统计员,comp_005,全国大学生数学建模竞赛,进阶,学科竞赛,国家级,0.6,1,JobTitle直链,JobTitle直链；难度进阶
统计员_promotion1,统计员,2,统计员,comp_032,全国周培源大学生力学竞赛,进阶,学科竞赛,国家级,0.6,2,JobTitle直链,JobTitle直链；难度进阶
统计员_promotion1,统计员,3,数据分析主管 / 经营分析经理,comp_005,全国大学生数学建模竞赛,进阶,学科竞赛,国家级,0.68,1,JobTitle直链,JobTitle直链；难度进阶
统计员_promotion1,统计员,3,数据分析主管 / 经营分析经理,comp_032,全国周培源大学生力学竞赛,进阶,学科竞赛,国家级,0.68,2,JobTitle直链,JobTitle直链；难度进阶
统计员_promotion1,统计员,3,数据分析主管 / 经营分析经理,comp_040,全国大学生地质技能竞赛,进阶,学科竞赛,国家级,0.68,3,JobTitle直链,JobTitle直链；难度进阶
质检员_promotion1,质检员,2,高级质检员,comp_031,全国大学生信息安全竞赛,进阶,学科竞赛,国家级,0.6,1,关联赛道岗位「硬件测试」,关联赛道岗位「硬件测试」；难度进阶
质检员_promotion1,质检员,2,高级质检员,comp_070,全国大学生信息安全与对抗技术竞赛,进阶,学科竞赛,国家级,0.6,2,关联赛道岗位「硬件测试」,关联赛道岗位「硬件测试」；难度进阶
质检员_promotion1,质检员,3,QC主管 / 生产质量经理,comp_031,全国大学生信息安全竞赛,进阶,学科竞赛,国家级,0.68,1,关联赛道岗位「硬件测试」,关联赛道岗位「硬件测试」；难度进阶
质检员_promotion1,质检员,3,QC主管 / 生产质量经理,comp_070,全国大学生信息安全与对抗技术竞赛,进阶,学科竞赛,国家级,0.68,2,关联赛道岗位「硬件测试」,关联赛道岗位「硬件测试」；难度进阶
质检员_promotion1,质检员,3,QC主管 / 生产质量经理,comp_006,全国大学生电子设计竞赛,进阶,学科竞赛,国家级,0.53,3,关联赛道岗位「硬件测试」,关联赛道岗位「硬件测试」；难度进阶
档案管理_promotion1,档案管理,2,档案管理,comp_012,全国大学生电子商务“创新、创意及创业”挑战赛,进阶,学科竞赛,国家级,0.45,1,关联赛道岗位「项目专员/助理」,关联赛道岗位「项目专员/助理」；难度进阶
档案管理_promotion1,档案管理,2,档案管理,comp_014,全国大学生物流设计大赛,进阶,学科竞赛,国家级,0.45,2,关联赛道岗位「项目专员/助理」,关联赛道岗位「项目专员/助理」；难度进阶
档案管理_promotion1,档案管理,3,档案主管 / 行政经理,comp_012,全国大学生电子商务“创新、创意及创业”挑战赛,进阶,学科竞赛,国家级,0.53,1,关联赛道岗位「项目专员/助理」,关联赛道岗位「项目专员/助理」；难度进阶
档案管理_promotion1,档案管理,3,档案主管 / 行政经理,comp_014,全国大学生物流设计大赛,进阶,学科竞赛,国家级,0.53,2,关联赛道岗位「项目专员/助理」,关联赛道岗位「项目专员/助理」；难度进阶
档案管理_promotion1,档案管理,3,档案主管 / 行政经理,comp_024,全国大学生市场调查与分析大赛,进阶,学科竞赛,国家级,0.53,3,关联赛道岗位「项目专员/助理」,关联赛道岗位「项目专员/助理」；难度进阶
资料管理_promotion1,资料管理,2,资料管理,comp_012,全国大学生电子商务“创新、创意及创业”挑战赛,进阶,学科竞赛,国家级,0.45,1,关联赛道岗位「项目专员/助理」,关联赛道岗位「项目专员/助理」；难度进阶
资料管理_promotion1,资料管理,2,资料管理,comp_014,全国大学生物流设计大赛,进阶,学科竞赛,国家级,0.45,2,关联赛道岗位「项目专员/助理」,关联赛道岗位「项目专员/助理」；难度进阶
资料管理_promotion1,资料管理,3,资料主管 / 项目文档经理,comp_001,中国国际“互联网+”大学生创新创业大赛,高阶,创新创业,国家级,0.68,1,关联赛道岗位「项目经理/主管」,关联赛道岗位「项目经理/主管」；难度高阶
资料管理_promotion1,资料管理,3,资料主管 / 项目文档经理,comp_002,“挑战杯”全国大学生课外学术科技作品竞赛,高阶,创新创业,国家级,0.68,2,关联赛道岗位「项目经理/主管」,关联赛道岗位「项目经理/主管」；难度高阶
资料管理_promotion1,资料管理,3,资料主管 / 项目文档经理,comp_003,“挑战杯”中国大学生创业计划大赛,高阶,创新创业,国家级,0.68,3,关联赛道岗位「项目经理/主管」,关联赛道岗位「项目经理/主管」；难度高阶
英语翻译_promotion1,英语翻译,2,英语翻译,comp_015,“外研社杯”全国大学生英语大赛-英语演讲赛,入门,学科竞赛,国家级,0.35,1,JobTitle直链,JobTitle直链；能力标签含英语
英语翻译_promotion1,英语翻译,2,英语翻译,comp_057,“21世纪杯”全国英语演讲比赛,入门,学科竞赛,国家级,0.35,2,JobTitle直链,JobTitle直链；能力标签含英语
英语翻译_promotion1,英语翻译,3,资深翻译 / 翻译主管,comp_015,“外研社杯”全国大学生英语大赛-英语演讲赛,入门,学科竞赛,国家级,0.43,1,JobTitle直链,JobTitle直链；能力标签含英语
英语翻译_promotion1,英语翻译,3,资深翻译 / 翻译主管,comp_057,“21世纪杯”全国英语演讲比赛,入门,学科竞赛,国家级,0.43,2,JobTitle直链,JobTitle直链；能力标签含英语
英语翻译_promotion1,英语翻译,3,资深翻译 / 翻译主管,comp_060,中华经典诵写讲大赛-讲解大赛,入门,学科竞赛,国家级,0.43,3,JobTitle直链,JobTitle直链；能力标签含英语
日语翻译_promotion1,日语翻译,2,日语翻译,comp_015,“外研社杯”全国大学生英语大赛-英语演讲赛,入门,学科竞赛,国家级,0.35,1,JobTitle直链,JobTitle直链；能力标签含英语
日语翻译_promotion1,日语翻译,2,日语翻译,comp_057,“21世纪杯”全国英语演讲比赛,入门,学科竞赛,国家级,0.35,2,JobTitle直链,JobTitle直链；能力标签含英语
日语翻译_promotion1,日语翻译,3,资深翻译 / 对日业务负责人,comp_015,“外研社杯”全国大学生英语大赛-英语演讲赛,入门,学科竞赛,国家级,0.43,1,JobTitle直链,JobTitle直链；能力标签含英语
日语翻译_promotion1,日语翻译,3,资深翻译 / 对日业务负责人,comp_057,“21世纪杯”全国英语演讲比赛,入门,学科竞赛,国家级,0.43,2,JobTitle直链,JobTitle直链；能力标签含英语
日语翻译_promotion1,日语翻译,3,资深翻译 / 对日业务负责人,comp_060,中华经典诵写讲大赛-讲解大赛,入门,学科竞赛,国家级,0.43,3,JobTitle直链,JobTitle直链；能力标签含英语
咨询顾问_promotion1,咨询顾问,2,咨询顾问,comp_012,全国大学生电子商务“创新、创意及创业”挑战赛,进阶,学科竞赛,国家级,0.45,1,JobTitle直链,JobTitle直链；难度进阶
咨询顾问_promotion1,咨询顾问,2,咨询顾问,comp_014,全国大学生物流设计大赛,进阶,学科竞赛,国家级,0.45,2,JobTitle直链,JobTitle直链；难度进阶
咨询顾问_promotion1,咨询顾问,3,高级咨询顾问 / 合伙人,comp_012,全国大学生电子商务“创新、创意及创业”挑战赛,进阶,学科竞赛,国家级,0.53,1,JobTitle直链,JobTitle直链；难度进阶
咨询顾问_promotion1,咨询顾问,3,高级咨询顾问 / 合伙人,comp_014,全国大学生物流设计大赛,进阶,学科竞赛,国家级,0.53,2,JobTitle直链,JobTitle直链；难度进阶
咨询顾问_promotion1,咨询顾问,3,高级咨询顾问 / 合伙人,comp_024,全国大学生市场调查与分析大赛,进阶,学科竞赛,国家级,0.53,3,JobTitle直链,JobTitle直链；难度进阶
咨询顾问_promotion2,咨询顾问,2,咨询顾问,comp_012,全国大学生电子商务“创新、创意及创业”挑战赛,进阶,学科竞赛,国家级,0.45,1,JobTitle直链,JobTitle直链；难度进阶
咨询顾问_promotion2,咨询顾问,2,咨询顾问,comp_014,全国大学生物流设计大赛,进阶,学科竞赛,国家级,0.45,2,JobTitle直链,JobTitle直链；难度进阶
咨询顾问_promotion2,咨询顾问,3,首席顾问 / 行业专家,comp_012,全国大学生电子商务“创新、创意及创业”挑战赛,进阶,学科竞赛,国家级,0.53,1,JobTitle直链,JobTitle直链；难度进阶
咨询顾问_promotion2,咨询顾问,3,首席顾问 / 行业专家,comp_014,全国大学生物流设计大赛,进阶,学科竞赛,国家级,0.53,2,JobTitle直链,JobTitle直链；难度进阶
咨询顾问_promotion2,咨询顾问,3,首席顾问 / 行业专家,comp_024,全国大学生市场调查与分析大赛,进阶,学科竞赛,国家级,0.53,3,JobTitle直链,JobTitle直链；难度进阶
